{"cameraMode":{"drawMode":0,"name":"Shaded","section":"Shading Mode"},"sceneLighting":false,"audioPlay":false,"sceneViewState":{"showFog":true,"showMaterialUpdate":false,"showSkybox":true,"showFlares":true,"showImageEffects":true,"showParticleSystems":true},"in2DMode":false,"pivot":{"x":7.97427225112915,"y":-0.6912437677383423,"z":3.599553108215332},"rotation":{"x":0.3503411114215851,"y":0.18403753638267518,"z":-0.07041815668344498,"w":0.9156596660614014},"size":2.9650368690490724,"orthographic":false}