{"cameraMode":{"drawMode":0,"name":"Shaded","section":"Shading Mode"},"sceneLighting":true,"audioPlay":false,"sceneViewState":{"showFog":true,"showMaterialUpdate":false,"showSkybox":true,"showFlares":true,"showImageEffects":true,"showParticleSystems":true},"in2DMode":false,"pivot":{"x":-5.629892349243164,"y":1.443630337715149,"z":-1.740631103515625},"rotation":{"x":0.03762175142765045,"y":0.9145976305007935,"z":-0.08756635338068009,"w":0.39297327399253847},"size":0.22026997804641725,"orthographic":false}