{"cameraMode":{"drawMode":0,"name":"Shaded","section":"Shading Mode"},"sceneLighting":false,"audioPlay":false,"sceneViewState":{"showFog":true,"showMaterialUpdate":false,"showSkybox":true,"showFlares":true,"showImageEffects":true,"showParticleSystems":true},"in2DMode":false,"pivot":{"x":-5.625243186950684,"y":2.1281943321228029,"z":0.17834687232971192},"rotation":{"x":0.09152868390083313,"y":-0.9084476828575134,"z":0.2849171459674835,"w":0.29183489084243777},"size":15.518940925598145,"orthographic":false}