{"cameraMode":{"drawMode":0,"name":"Shaded","section":"Shading Mode"},"sceneLighting":false,"audioPlay":false,"sceneViewState":{"showFog":true,"showMaterialUpdate":false,"showSkybox":true,"showFlares":true,"showImageEffects":true,"showParticleSystems":true},"in2DMode":false,"pivot":{"x":0.8772211074829102,"y":2.050262928009033,"z":-9.179786682128907},"rotation":{"x":0.07877381891012192,"y":-0.8965570330619812,"z":0.39813750982284548,"w":0.17738856375217439},"size":7.822538375854492,"orthographic":false}