{"cameraMode":{"drawMode":0,"name":"Shaded","section":"Shading Mode"},"sceneLighting":true,"audioPlay":false,"sceneViewState":{"showFog":true,"showMaterialUpdate":false,"showSkybox":true,"showFlares":true,"showImageEffects":true,"showParticleSystems":true},"in2DMode":false,"pivot":{"x":8.214154243469239,"y":-0.40380072593688967,"z":3.7513959407806398},"rotation":{"x":0.3383646607398987,"y":0.5737609267234802,"z":-0.28099730610847475,"w":0.6909039616584778},"size":3.2650368213653566,"orthographic":false}