{"cameraMode":{"drawMode":0,"name":"Shaded","section":"Shading Mode"},"sceneLighting":true,"audioPlay":false,"sceneViewState":{"showFog":true,"showMaterialUpdate":false,"showSkybox":true,"showFlares":true,"showImageEffects":true,"showParticleSystems":true},"in2DMode":false,"pivot":{"x":-2.7339351177215578,"y":-0.07210052013397217,"z":-0.5798799991607666},"rotation":{"x":-0.2777172327041626,"y":0.0005368765559978783,"z":-0.00015474902465939522,"w":-0.9606627821922302},"size":4.3348069190979,"orthographic":false}