{"cameraMode":{"drawMode":0,"name":"Shaded","section":"Shading Mode"},"sceneLighting":false,"audioPlay":false,"sceneViewState":{"showFog":true,"showMaterialUpdate":false,"showSkybox":true,"showFlares":true,"showImageEffects":true,"showParticleSystems":true},"in2DMode":false,"pivot":{"x":2.687458038330078,"y":1.2974812984466553,"z":-4.284314155578613},"rotation":{"x":-0.14653964340686799,"y":-0.7805395722389221,"z":0.19923417270183564,"w":-0.5740992426872253},"size":5.718011856079102,"orthographic":false}