{"cameraMode":{"drawMode":0,"name":"Shaded","section":"Shading Mode"},"sceneLighting":false,"audioPlay":false,"sceneViewState":{"showFog":true,"showMaterialUpdate":false,"showSkybox":true,"showFlares":true,"showImageEffects":true,"showParticleSystems":true},"in2DMode":false,"pivot":{"x":17.434131622314454,"y":-0.4087338447570801,"z":-56.711639404296878},"rotation":{"x":0.01672380603849888,"y":0.9642366766929627,"z":-0.25695985555648806,"w":0.06276705116033554},"size":7.978214263916016,"orthographic":false}