{"cameraMode":{"drawMode":0,"name":"Shaded","section":"Shading Mode"},"sceneLighting":false,"audioPlay":false,"sceneViewState":{"showFog":true,"showMaterialUpdate":false,"showSkybox":true,"showFlares":true,"showImageEffects":true,"showParticleSystems":true},"in2DMode":false,"pivot":{"x":-2.1281919479370119,"y":-1.095789909362793,"z":-6.308437824249268},"rotation":{"x":0.015858065336942674,"y":-0.879045307636261,"z":0.4755721092224121,"w":0.02931157313287258},"size":18.288381576538087,"orthographic":false}