{"cameraMode":{"drawMode":0,"name":"Shaded","section":"Shading Mode"},"sceneLighting":false,"audioPlay":false,"sceneViewState":{"showFog":true,"showMaterialUpdate":false,"showSkybox":true,"showFlares":true,"showImageEffects":true,"showParticleSystems":true},"in2DMode":false,"pivot":{"x":-3.124185562133789,"y":-0.5726971626281738,"z":-7.562498092651367},"rotation":{"x":0.5597227215766907,"y":0.28322258591651919,"z":-0.2115103155374527,"w":0.7495056986808777},"size":5.906967639923096,"orthographic":false}