{"cameraMode":{"drawMode":0,"name":"Shaded","section":"Shading Mode"},"sceneLighting":false,"audioPlay":false,"sceneViewState":{"showFog":true,"showMaterialUpdate":false,"showSkybox":true,"showFlares":true,"showImageEffects":true,"showParticleSystems":true},"in2DMode":false,"pivot":{"x":2.2033722400665285,"y":1.370153546333313,"z":-2.3453729152679445},"rotation":{"x":-0.05230804160237312,"y":0.7809135913848877,"z":-0.0659971684217453,"w":-0.6189364790916443},"size":3.7496798038482668,"orthographic":false}