{"cameraMode":{"drawMode":0,"name":"Shaded","section":"Shading Mode"},"sceneLighting":false,"audioPlay":false,"sceneViewState":{"showFog":true,"showMaterialUpdate":false,"showSkybox":true,"showFlares":true,"showImageEffects":true,"showParticleSystems":true},"in2DMode":false,"pivot":{"x":-0.38195598125457766,"y":0.4671139121055603,"z":0.18003708124160767},"rotation":{"x":-0.11827146261930466,"y":0.8813354969024658,"z":-0.3372221887111664,"w":-0.30909687280654909},"size":4.465036869049072,"orthographic":false}