{"cameraMode":{"drawMode":0,"name":"Shaded","section":"Shading Mode"},"sceneLighting":true,"audioPlay":false,"sceneViewState":{"showFog":true,"showMaterialUpdate":false,"showSkybox":true,"showFlares":true,"showImageEffects":true,"showParticleSystems":true},"in2DMode":false,"pivot":{"x":0.2426772117614746,"y":-0.21804380416870118,"z":-0.30319106578826907},"rotation":{"x":-0.21105021238327027,"y":-0.5051608085632324,"z":0.12894433736801148,"w":-0.8268275260925293},"size":4.269756317138672,"orthographic":false}