{"cameraMode":{"drawMode":0,"name":"Shaded","section":"Shading Mode"},"sceneLighting":false,"audioPlay":false,"sceneViewState":{"showFog":true,"showMaterialUpdate":false,"showSkybox":true,"showFlares":true,"showImageEffects":true,"showParticleSystems":true},"in2DMode":false,"pivot":{"x":-7.4882612228393559,"y":0.23817670345306397,"z":5.667808532714844},"rotation":{"x":-0.005298819858580828,"y":0.8579503893852234,"z":-0.513629138469696,"w":-0.008846093900501728},"size":3.7299132347106935,"orthographic":false}