{"cameraMode":{"drawMode":0,"name":"Shaded","section":"Shading Mode"},"sceneLighting":false,"audioPlay":false,"sceneViewState":{"showFog":true,"showMaterialUpdate":false,"showSkybox":true,"showFlares":true,"showImageEffects":true,"showParticleSystems":true},"in2DMode":false,"pivot":{"x":-0.129241943359375,"y":5.089145660400391,"z":-5.340158462524414},"rotation":{"x":0.008700499311089516,"y":-0.9912214279174805,"z":0.09936855733394623,"w":0.08678655326366425},"size":9.055377006530762,"orthographic":false}