{"cameraMode":{"drawMode":0,"name":"Shaded","section":"Shading Mode"},"sceneLighting":false,"audioPlay":false,"sceneViewState":{"showFog":true,"showMaterialUpdate":false,"showSkybox":true,"showFlares":true,"showImageEffects":true,"showParticleSystems":true},"in2DMode":false,"pivot":{"x":5.411900520324707,"y":3.1812727451324465,"z":-0.45352602005004885},"rotation":{"x":0.09152868390083313,"y":-0.9084476828575134,"z":0.2849171459674835,"w":0.29183489084243777},"size":5.682765483856201,"orthographic":false}