{"cameraMode":{"drawMode":0,"name":"Shaded","section":"Shading Mode"},"sceneLighting":false,"audioPlay":false,"sceneViewState":{"showFog":true,"showMaterialUpdate":false,"showSkybox":true,"showFlares":true,"showImageEffects":true,"showParticleSystems":true},"in2DMode":false,"pivot":{"x":-15.84000015258789,"y":43.209999084472659,"z":-23.600000381469728},"rotation":{"x":0.04937474802136421,"y":-0.8172879219055176,"z":0.07082474231719971,"w":0.56972736120224},"size":16.554710388183595,"orthographic":false}