{"cameraMode":{"drawMode":0,"name":"Shaded","section":"Shading Mode"},"sceneLighting":false,"audioPlay":false,"sceneViewState":{"showFog":true,"showMaterialUpdate":false,"showSkybox":true,"showFlares":true,"showImageEffects":true,"showParticleSystems":true},"in2DMode":false,"pivot":{"x":8.720857620239258,"y":2.095688819885254,"z":2.018472909927368},"rotation":{"x":0.21092042326927186,"y":0.5719308257102966,"z":-0.15517929196357728,"w":0.7773848176002502},"size":18.238367080688478,"orthographic":false}