{"cameraMode":{"drawMode":0,"name":"Shaded","section":"Shading Mode"},"sceneLighting":false,"audioPlay":false,"sceneViewState":{"showFog":true,"showMaterialUpdate":false,"showSkybox":true,"showFlares":true,"showImageEffects":true,"showParticleSystems":true},"in2DMode":false,"pivot":{"x":0.2935616970062256,"y":1.8529419898986817,"z":-0.22238659858703614},"rotation":{"x":0.09152868390083313,"y":-0.9084476828575134,"z":0.2849171459674835,"w":0.29183489084243777},"size":7.698179244995117,"orthographic":false}