{"cameraMode":{"drawMode":0,"name":"Shaded","section":"Shading Mode"},"sceneLighting":false,"audioPlay":false,"sceneViewState":{"showFog":true,"showMaterialUpdate":false,"showSkybox":true,"showFlares":true,"showImageEffects":true,"showParticleSystems":true},"in2DMode":false,"pivot":{"x":2.5417370796203615,"y":0.7054697871208191,"z":-1.8415828943252564},"rotation":{"x":0.11674606800079346,"y":0.4866653382778168,"z":-0.06582065671682358,"w":0.8632466793060303},"size":2.2496800422668459,"orthographic":false}