{"cameraMode":{"drawMode":0,"name":"Shaded","section":"Shading Mode"},"sceneLighting":false,"audioPlay":false,"sceneViewState":{"showFog":true,"showMaterialUpdate":false,"showSkybox":true,"showFlares":true,"showImageEffects":true,"showParticleSystems":true},"in2DMode":false,"pivot":{"x":-8.528531074523926,"y":0.4443051517009735,"z":5.200258255004883},"rotation":{"x":-0.21610401570796967,"y":0.6207054853439331,"z":-0.18349555134773255,"w":-0.730994701385498},"size":5.171806335449219,"orthographic":false}