{"cameraMode":{"drawMode":0,"name":"Shaded","section":"Shading Mode"},"sceneLighting":false,"audioPlay":false,"sceneViewState":{"showFog":true,"showMaterialUpdate":false,"showSkybox":true,"showFlares":true,"showImageEffects":true,"showParticleSystems":true},"in2DMode":false,"pivot":{"x":0.4239214062690735,"y":-0.0334019660949707,"z":-0.3603615164756775},"rotation":{"x":-0.11516957730054856,"y":-0.5547037124633789,"z":-0.07787914574146271,"w":0.8203503489494324},"size":0.00740504264831543,"orthographic":false}